-- MySQL dump 10.13  Distrib 8.0.34, for macos13 (x86_64)
--
-- Host: localhost    Database: ramatla22359691
-- ------------------------------------------------------
-- Server version	8.1.0

/*!40101 SET @OLD_CHARACTER_SET_CLIENT=@@CHARACTER_SET_CLIENT */;
/*!40101 SET @OLD_CHARACTER_SET_RESULTS=@@CHARACTER_SET_RESULTS */;
/*!40101 SET @OLD_COLLATION_CONNECTION=@@COLLATION_CONNECTION */;
/*!50503 SET NAMES utf8 */;
/*!40103 SET @OLD_TIME_ZONE=@@TIME_ZONE */;
/*!40103 SET TIME_ZONE='+00:00' */;
/*!40014 SET @OLD_UNIQUE_CHECKS=@@UNIQUE_CHECKS, UNIQUE_CHECKS=0 */;
/*!40014 SET @OLD_FOREIGN_KEY_CHECKS=@@FOREIGN_KEY_CHECKS, FOREIGN_KEY_CHECKS=0 */;
/*!40101 SET @OLD_SQL_MODE=@@SQL_MODE, SQL_MODE='NO_AUTO_VALUE_ON_ZERO' */;
/*!40111 SET @OLD_SQL_NOTES=@@SQL_NOTES, SQL_NOTES=0 */;

--
-- Table structure for table `Candidate`
--

DROP TABLE IF EXISTS `Candidate`;
/*!40101 SET @saved_cs_client     = @@character_set_client */;
/*!50503 SET character_set_client = utf8mb4 */;
CREATE TABLE `Candidate` (
  `candidate_id` int NOT NULL AUTO_INCREMENT,
  `first_name` varchar(100) NOT NULL,
  `surname` varchar(100) NOT NULL,
  `address` varchar(200) NOT NULL,
  `telephone_number` varchar(30) NOT NULL,
  PRIMARY KEY (`candidate_id`)
) ENGINE=InnoDB AUTO_INCREMENT=12 DEFAULT CHARSET=utf8mb4 COLLATE=utf8mb4_0900_ai_ci;
/*!40101 SET character_set_client = @saved_cs_client */;

--
-- Dumping data for table `Candidate`
--

LOCK TABLES `Candidate` WRITE;
/*!40000 ALTER TABLE `Candidate` DISABLE KEYS */;
INSERT INTO `Candidate` VALUES (1,'Meredith','Grey','1 Surgeon Lane, Dublin','02 123 4567'),(2,'Cristina','Yang','2 Intern Way, Dublin','02 234 5678'),(3,'Alex','Karev','3 Pediatrics Ave, Dublin','02 345 6789'),(4,'Izzie','Stevens','4 Oncology Rd, Dublin','02 456 7890'),(5,'Miranda','Bailey','5 Chief St, Dublin','02 567 8901'),(6,'Derek','Shepherd','6 Neuro Blvd, Dublin','02 678 9012'),(7,'Mark','Sloan','7 Plastics Path, Dublin','02 789 0123'),(8,'Lexie','Grey','8 Genetics Grove, Dublin','02 890 1234'),(9,'George','O\'Malley','9 Trauma Trail, Dublin','02 901 2345'),(10,'Callie','Torres','10 Ortho Ave, Dublin','02 012 3456');
/*!40000 ALTER TABLE `Candidate` ENABLE KEYS */;
UNLOCK TABLES;

--
-- Table structure for table `CandidateSkills`
--

DROP TABLE IF EXISTS `CandidateSkills`;
/*!40101 SET @saved_cs_client     = @@character_set_client */;
/*!50503 SET character_set_client = utf8mb4 */;
CREATE TABLE `CandidateSkills` (
  `candidate_id` int NOT NULL,
  `skill_id` int NOT NULL,
  PRIMARY KEY (`candidate_id`,`skill_id`),
  KEY `skill_id` (`skill_id`),
  CONSTRAINT `candidateskills_ibfk_1` FOREIGN KEY (`candidate_id`) REFERENCES `Candidate` (`candidate_id`),
  CONSTRAINT `candidateskills_ibfk_2` FOREIGN KEY (`skill_id`) REFERENCES `Skills` (`skill_id`)
) ENGINE=InnoDB DEFAULT CHARSET=utf8mb4 COLLATE=utf8mb4_0900_ai_ci;
/*!40101 SET character_set_client = @saved_cs_client */;

--
-- Dumping data for table `CandidateSkills`
--

LOCK TABLES `CandidateSkills` WRITE;
/*!40000 ALTER TABLE `CandidateSkills` DISABLE KEYS */;
INSERT INTO `CandidateSkills` VALUES (1,1),(10,1),(1,2),(2,2),(2,3),(3,3),(3,4),(4,4),(4,5),(5,5),(5,6),(6,6),(6,7),(7,7),(7,8),(8,8),(8,9),(9,9),(9,10),(10,10);
/*!40000 ALTER TABLE `CandidateSkills` ENABLE KEYS */;
UNLOCK TABLES;

--
-- Table structure for table `Hospital`
--

DROP TABLE IF EXISTS `Hospital`;
/*!40101 SET @saved_cs_client     = @@character_set_client */;
/*!50503 SET character_set_client = utf8mb4 */;
CREATE TABLE `Hospital` (
  `hospital_id` int NOT NULL AUTO_INCREMENT,
  `name` varchar(100) NOT NULL,
  `address` varchar(255) NOT NULL,
  `phone_number` varchar(20) NOT NULL,
  PRIMARY KEY (`hospital_id`)
) ENGINE=InnoDB AUTO_INCREMENT=12 DEFAULT CHARSET=utf8mb4 COLLATE=utf8mb4_0900_ai_ci;
/*!40101 SET character_set_client = @saved_cs_client */;

--
-- Dumping data for table `Hospital`
--

LOCK TABLES `Hospital` WRITE;
/*!40000 ALTER TABLE `Hospital` DISABLE KEYS */;
INSERT INTO `Hospital` VALUES (1,'Grey Sloan Memorial','123 Seattle Way, Dublin','01 234 5678'),(2,'Seattle Grace Mercy West','456 Rainy St, Dublin','01 345 6789'),(3,'Pacific Northwest General','789 Emerald Ave, Dublin','01 456 7890'),(4,'Denny Duquette Memorial Clinic','101 Heartbeat Blvd, Dublin','01 567 8901'),(5,'Katherine Fox Hospital','202 Innovation Rd, Dublin','01 678 9012'),(6,'Emerald City Bar Hospital','303 Cheers Dr, Dublin','01 789 0123'),(7,'Mercy West Medical Center','404 Hope St, Dublin','01 890 1234'),(8,'Presbyterian Teaching Hospital','505 Knowledge Ave, Dublin','01 901 2345'),(9,'Shondaland Medical','606 Storyline Ln, Dublin','01 012 3456'),(10,'Avery Foundation Clinic','707 Legacy Rd, Dublin','01 123 4567');
/*!40000 ALTER TABLE `Hospital` ENABLE KEYS */;
UNLOCK TABLES;

--
-- Table structure for table `Interview`
--

DROP TABLE IF EXISTS `Interview`;
/*!40101 SET @saved_cs_client     = @@character_set_client */;
/*!50503 SET character_set_client = utf8mb4 */;
CREATE TABLE `Interview` (
  `interview_id` int NOT NULL AUTO_INCREMENT,
  `candidate_id` int NOT NULL,
  `position_id` int NOT NULL,
  `interview_date` date NOT NULL,
  `offer_made` tinyint DEFAULT NULL,
  PRIMARY KEY (`interview_id`),
  KEY `fk_candidate_idx` (`candidate_id`),
  KEY `fk_position_idx` (`position_id`),
  CONSTRAINT `fk_candidate` FOREIGN KEY (`candidate_id`) REFERENCES `Candidate` (`candidate_id`),
  CONSTRAINT `fk_positions` FOREIGN KEY (`position_id`) REFERENCES `Position` (`position_id`)
) ENGINE=InnoDB AUTO_INCREMENT=22 DEFAULT CHARSET=utf8mb4 COLLATE=utf8mb4_0900_ai_ci;
/*!40101 SET character_set_client = @saved_cs_client */;

--
-- Dumping data for table `Interview`
--

LOCK TABLES `Interview` WRITE;
/*!40000 ALTER TABLE `Interview` DISABLE KEYS */;
INSERT INTO `Interview` VALUES (1,1,1,'2023-01-15',1),(2,2,2,'2023-01-16',0),(3,3,3,'2023-01-17',1),(4,4,4,'2023-01-18',0),(5,5,5,'2023-01-19',1),(6,6,6,'2023-01-20',0),(7,7,7,'2023-01-21',1),(8,8,8,'2023-01-22',0),(9,9,9,'2023-01-23',1),(10,10,10,'2023-01-24',0),(11,1,2,'2023-01-25',1),(12,2,3,'2023-01-26',0),(13,3,4,'2023-01-27',1),(14,4,5,'2023-01-28',0),(15,5,6,'2023-01-29',1),(16,6,7,'2023-01-30',0),(17,7,8,'2023-02-01',1),(18,8,9,'2023-02-02',0),(19,9,10,'2023-02-03',1),(20,10,1,'2023-02-04',0);
/*!40000 ALTER TABLE `Interview` ENABLE KEYS */;
UNLOCK TABLES;

--
-- Table structure for table `Position`
--

DROP TABLE IF EXISTS `Position`;
/*!40101 SET @saved_cs_client     = @@character_set_client */;
/*!50503 SET character_set_client = utf8mb4 */;
CREATE TABLE `Position` (
  `position_id` int NOT NULL AUTO_INCREMENT,
  `type` varchar(100) NOT NULL,
  `hospital_id` int NOT NULL,
  PRIMARY KEY (`position_id`),
  KEY `position_ibfk_1` (`hospital_id`),
  CONSTRAINT `position_ibfk_1` FOREIGN KEY (`hospital_id`) REFERENCES `Hospital` (`hospital_id`)
) ENGINE=InnoDB AUTO_INCREMENT=13 DEFAULT CHARSET=utf8mb4 COLLATE=utf8mb4_0900_ai_ci;
/*!40101 SET character_set_client = @saved_cs_client */;

--
-- Dumping data for table `Position`
--

LOCK TABLES `Position` WRITE;
/*!40000 ALTER TABLE `Position` DISABLE KEYS */;
INSERT INTO `Position` VALUES (1,'Attending Surgeon',1),(2,'Cardiothoracic Surgeon',1),(3,'Pediatric Surgeon',2),(4,'Orthopedic Surgeon',3),(5,'Neuro Surgeon',4),(6,'Plastic Surgeon',5),(7,'Trauma Surgeon',6),(8,'Oncologist',7),(9,'OB/GYN Specialist',8),(10,'Anesthesiologist',9);
/*!40000 ALTER TABLE `Position` ENABLE KEYS */;
UNLOCK TABLES;

--
-- Table structure for table `PositionSkills`
--

DROP TABLE IF EXISTS `PositionSkills`;
/*!40101 SET @saved_cs_client     = @@character_set_client */;
/*!50503 SET character_set_client = utf8mb4 */;
CREATE TABLE `PositionSkills` (
  `position_id` int NOT NULL,
  `skill_id` int NOT NULL,
  PRIMARY KEY (`position_id`,`skill_id`),
  KEY `fk_skill_idx` (`skill_id`),
  CONSTRAINT `fk_position` FOREIGN KEY (`position_id`) REFERENCES `Position` (`position_id`),
  CONSTRAINT `fk_skill` FOREIGN KEY (`skill_id`) REFERENCES `Skills` (`skill_id`)
) ENGINE=InnoDB DEFAULT CHARSET=utf8mb4 COLLATE=utf8mb4_0900_ai_ci;
/*!40101 SET character_set_client = @saved_cs_client */;

--
-- Dumping data for table `PositionSkills`
--

LOCK TABLES `PositionSkills` WRITE;
/*!40000 ALTER TABLE `PositionSkills` DISABLE KEYS */;
INSERT INTO `PositionSkills` VALUES (1,1),(10,1),(1,2),(2,2),(2,3),(3,3),(3,4),(4,4),(4,5),(5,5),(5,6),(6,6),(6,7),(7,7),(7,8),(8,8),(8,9),(9,9),(9,10),(10,10);
/*!40000 ALTER TABLE `PositionSkills` ENABLE KEYS */;
UNLOCK TABLES;

--
-- Table structure for table `Skills`
--

DROP TABLE IF EXISTS `Skills`;
/*!40101 SET @saved_cs_client     = @@character_set_client */;
/*!50503 SET character_set_client = utf8mb4 */;
CREATE TABLE `Skills` (
  `skill_id` int NOT NULL AUTO_INCREMENT,
  `name` varchar(100) NOT NULL,
  PRIMARY KEY (`skill_id`),
  UNIQUE KEY `name_UNIQUE` (`name`)
) ENGINE=InnoDB AUTO_INCREMENT=12 DEFAULT CHARSET=utf8mb4 COLLATE=utf8mb4_0900_ai_ci;
/*!40101 SET character_set_client = @saved_cs_client */;

--
-- Dumping data for table `Skills`
--

LOCK TABLES `Skills` WRITE;
/*!40000 ALTER TABLE `Skills` DISABLE KEYS */;
INSERT INTO `Skills` VALUES (10,'Anesthesiology'),(2,'Cardiothoracic Surgery'),(1,'General Surgery'),(5,'Neuro Surgery'),(8,'Oncology'),(4,'Orthopedic Surgery'),(3,'Pediatric Surgery'),(6,'Plastic Surgery'),(9,'Radiology'),(7,'Trauma Surgery');
/*!40000 ALTER TABLE `Skills` ENABLE KEYS */;
UNLOCK TABLES;

--
-- Dumping events for database 'ramatla22359691'
--

--
-- Dumping routines for database 'ramatla22359691'
--
/*!50003 DROP PROCEDURE IF EXISTS `AddCandidate` */;
/*!50003 SET @saved_cs_client      = @@character_set_client */ ;
/*!50003 SET @saved_cs_results     = @@character_set_results */ ;
/*!50003 SET @saved_col_connection = @@collation_connection */ ;
/*!50003 SET character_set_client  = utf8mb4 */ ;
/*!50003 SET character_set_results = utf8mb4 */ ;
/*!50003 SET collation_connection  = utf8mb4_0900_ai_ci */ ;
/*!50003 SET @saved_sql_mode       = @@sql_mode */ ;
/*!50003 SET sql_mode              = 'ONLY_FULL_GROUP_BY,STRICT_TRANS_TABLES,NO_ZERO_IN_DATE,NO_ZERO_DATE,ERROR_FOR_DIVISION_BY_ZERO,NO_ENGINE_SUBSTITUTION' */ ;
DELIMITER ;;
CREATE DEFINER=`root`@`localhost` PROCEDURE `AddCandidate`(
  IN _first_name VARCHAR(100),
  IN _surname VARCHAR(100),
  IN _address VARCHAR(200),
  IN _telephone_number VARCHAR(30)
)
BEGIN 
  INSERT INTO Candidate ( first_name, surname, address, telephone_number)
  VALUES (_first_name, _surname, _address, _telephone_number);
  END ;;
DELIMITER ;
/*!50003 SET sql_mode              = @saved_sql_mode */ ;
/*!50003 SET character_set_client  = @saved_cs_client */ ;
/*!50003 SET character_set_results = @saved_cs_results */ ;
/*!50003 SET collation_connection  = @saved_col_connection */ ;
/*!50003 DROP PROCEDURE IF EXISTS `AddCandidateSkills` */;
/*!50003 SET @saved_cs_client      = @@character_set_client */ ;
/*!50003 SET @saved_cs_results     = @@character_set_results */ ;
/*!50003 SET @saved_col_connection = @@collation_connection */ ;
/*!50003 SET character_set_client  = utf8mb4 */ ;
/*!50003 SET character_set_results = utf8mb4 */ ;
/*!50003 SET collation_connection  = utf8mb4_0900_ai_ci */ ;
/*!50003 SET @saved_sql_mode       = @@sql_mode */ ;
/*!50003 SET sql_mode              = 'ONLY_FULL_GROUP_BY,STRICT_TRANS_TABLES,NO_ZERO_IN_DATE,NO_ZERO_DATE,ERROR_FOR_DIVISION_BY_ZERO,NO_ENGINE_SUBSTITUTION' */ ;
DELIMITER ;;
CREATE DEFINER=`root`@`localhost` PROCEDURE `AddCandidateSkills`(
  IN _candidate_id INT,
  IN _skill_id INT
  )
BEGIN 
  INSERT INTO CandidateSkills(candidate_id, skill_id)
  VALUES (_candidate_id, _skill_id );
  END ;;
DELIMITER ;
/*!50003 SET sql_mode              = @saved_sql_mode */ ;
/*!50003 SET character_set_client  = @saved_cs_client */ ;
/*!50003 SET character_set_results = @saved_cs_results */ ;
/*!50003 SET collation_connection  = @saved_col_connection */ ;
/*!50003 DROP PROCEDURE IF EXISTS `AddHospital` */;
/*!50003 SET @saved_cs_client      = @@character_set_client */ ;
/*!50003 SET @saved_cs_results     = @@character_set_results */ ;
/*!50003 SET @saved_col_connection = @@collation_connection */ ;
/*!50003 SET character_set_client  = utf8mb4 */ ;
/*!50003 SET character_set_results = utf8mb4 */ ;
/*!50003 SET collation_connection  = utf8mb4_0900_ai_ci */ ;
/*!50003 SET @saved_sql_mode       = @@sql_mode */ ;
/*!50003 SET sql_mode              = 'ONLY_FULL_GROUP_BY,STRICT_TRANS_TABLES,NO_ZERO_IN_DATE,NO_ZERO_DATE,ERROR_FOR_DIVISION_BY_ZERO,NO_ENGINE_SUBSTITUTION' */ ;
DELIMITER ;;
CREATE DEFINER=`root`@`localhost` PROCEDURE `AddHospital`(
  IN _hospital_name VARCHAR(100),
  IN _address VARCHAR(255),
  IN _phone_number VARCHAR(20)
)
BEGIN 
  INSERT INTO Hospital (name, address, phone_number)
  VALUES (_hospital_name, _address, _phone_number);
END ;;
DELIMITER ;
/*!50003 SET sql_mode              = @saved_sql_mode */ ;
/*!50003 SET character_set_client  = @saved_cs_client */ ;
/*!50003 SET character_set_results = @saved_cs_results */ ;
/*!50003 SET collation_connection  = @saved_col_connection */ ;
/*!50003 DROP PROCEDURE IF EXISTS `AddInterview` */;
/*!50003 SET @saved_cs_client      = @@character_set_client */ ;
/*!50003 SET @saved_cs_results     = @@character_set_results */ ;
/*!50003 SET @saved_col_connection = @@collation_connection */ ;
/*!50003 SET character_set_client  = utf8mb4 */ ;
/*!50003 SET character_set_results = utf8mb4 */ ;
/*!50003 SET collation_connection  = utf8mb4_0900_ai_ci */ ;
/*!50003 SET @saved_sql_mode       = @@sql_mode */ ;
/*!50003 SET sql_mode              = 'ONLY_FULL_GROUP_BY,STRICT_TRANS_TABLES,NO_ZERO_IN_DATE,NO_ZERO_DATE,ERROR_FOR_DIVISION_BY_ZERO,NO_ENGINE_SUBSTITUTION' */ ;
DELIMITER ;;
CREATE DEFINER=`root`@`localhost` PROCEDURE `AddInterview`(
  IN _candidate_id INT,
  IN _position_id INT,
  IN _interview_date DATE,
  IN _offer_made TINYINT
  
)
BEGIN 
  INSERT INTO Interview(candidate_id, position_id, interview_date, offer_made)
  VALUES (_candidate_id, _position_id, _interview_date, _offer_made );
END ;;
DELIMITER ;
/*!50003 SET sql_mode              = @saved_sql_mode */ ;
/*!50003 SET character_set_client  = @saved_cs_client */ ;
/*!50003 SET character_set_results = @saved_cs_results */ ;
/*!50003 SET collation_connection  = @saved_col_connection */ ;
/*!50003 DROP PROCEDURE IF EXISTS `AddPosition` */;
/*!50003 SET @saved_cs_client      = @@character_set_client */ ;
/*!50003 SET @saved_cs_results     = @@character_set_results */ ;
/*!50003 SET @saved_col_connection = @@collation_connection */ ;
/*!50003 SET character_set_client  = utf8mb4 */ ;
/*!50003 SET character_set_results = utf8mb4 */ ;
/*!50003 SET collation_connection  = utf8mb4_0900_ai_ci */ ;
/*!50003 SET @saved_sql_mode       = @@sql_mode */ ;
/*!50003 SET sql_mode              = 'ONLY_FULL_GROUP_BY,STRICT_TRANS_TABLES,NO_ZERO_IN_DATE,NO_ZERO_DATE,ERROR_FOR_DIVISION_BY_ZERO,NO_ENGINE_SUBSTITUTION' */ ;
DELIMITER ;;
CREATE DEFINER=`root`@`localhost` PROCEDURE `AddPosition`(
    IN _type VARCHAR(100),
    IN _hospital_id INT
)
BEGIN
    INSERT INTO Position (type, hospital_id)
    VALUES (_type, _hospital_id);
END ;;
DELIMITER ;
/*!50003 SET sql_mode              = @saved_sql_mode */ ;
/*!50003 SET character_set_client  = @saved_cs_client */ ;
/*!50003 SET character_set_results = @saved_cs_results */ ;
/*!50003 SET collation_connection  = @saved_col_connection */ ;
/*!50003 DROP PROCEDURE IF EXISTS `AddPositionSkills` */;
/*!50003 SET @saved_cs_client      = @@character_set_client */ ;
/*!50003 SET @saved_cs_results     = @@character_set_results */ ;
/*!50003 SET @saved_col_connection = @@collation_connection */ ;
/*!50003 SET character_set_client  = utf8mb4 */ ;
/*!50003 SET character_set_results = utf8mb4 */ ;
/*!50003 SET collation_connection  = utf8mb4_0900_ai_ci */ ;
/*!50003 SET @saved_sql_mode       = @@sql_mode */ ;
/*!50003 SET sql_mode              = 'ONLY_FULL_GROUP_BY,STRICT_TRANS_TABLES,NO_ZERO_IN_DATE,NO_ZERO_DATE,ERROR_FOR_DIVISION_BY_ZERO,NO_ENGINE_SUBSTITUTION' */ ;
DELIMITER ;;
CREATE DEFINER=`root`@`localhost` PROCEDURE `AddPositionSkills`(
  IN _position_id INT,
  IN _skill_id INT
  )
BEGIN 
  INSERT INTO PositionSkills (position_id,skill_id)
  VALUES (_position_id, _skill_id );
  END ;;
DELIMITER ;
/*!50003 SET sql_mode              = @saved_sql_mode */ ;
/*!50003 SET character_set_client  = @saved_cs_client */ ;
/*!50003 SET character_set_results = @saved_cs_results */ ;
/*!50003 SET collation_connection  = @saved_col_connection */ ;
/*!50003 DROP PROCEDURE IF EXISTS `AddSkills` */;
/*!50003 SET @saved_cs_client      = @@character_set_client */ ;
/*!50003 SET @saved_cs_results     = @@character_set_results */ ;
/*!50003 SET @saved_col_connection = @@collation_connection */ ;
/*!50003 SET character_set_client  = utf8mb4 */ ;
/*!50003 SET character_set_results = utf8mb4 */ ;
/*!50003 SET collation_connection  = utf8mb4_0900_ai_ci */ ;
/*!50003 SET @saved_sql_mode       = @@sql_mode */ ;
/*!50003 SET sql_mode              = 'ONLY_FULL_GROUP_BY,STRICT_TRANS_TABLES,NO_ZERO_IN_DATE,NO_ZERO_DATE,ERROR_FOR_DIVISION_BY_ZERO,NO_ENGINE_SUBSTITUTION' */ ;
DELIMITER ;;
CREATE DEFINER=`root`@`localhost` PROCEDURE `AddSkills`(
  IN _skill_name VARCHAR(100)
)
BEGIN 
  INSERT INTO Skills (name)
  VALUES (_skill_name);
  END ;;
DELIMITER ;
/*!50003 SET sql_mode              = @saved_sql_mode */ ;
/*!50003 SET character_set_client  = @saved_cs_client */ ;
/*!50003 SET character_set_results = @saved_cs_results */ ;
/*!50003 SET collation_connection  = @saved_col_connection */ ;
/*!50003 DROP PROCEDURE IF EXISTS `CountCandidatesOfferedPositions` */;
/*!50003 SET @saved_cs_client      = @@character_set_client */ ;
/*!50003 SET @saved_cs_results     = @@character_set_results */ ;
/*!50003 SET @saved_col_connection = @@collation_connection */ ;
/*!50003 SET character_set_client  = utf8mb4 */ ;
/*!50003 SET character_set_results = utf8mb4 */ ;
/*!50003 SET collation_connection  = utf8mb4_0900_ai_ci */ ;
/*!50003 SET @saved_sql_mode       = @@sql_mode */ ;
/*!50003 SET sql_mode              = 'ONLY_FULL_GROUP_BY,STRICT_TRANS_TABLES,NO_ZERO_IN_DATE,NO_ZERO_DATE,ERROR_FOR_DIVISION_BY_ZERO,NO_ENGINE_SUBSTITUTION' */ ;
DELIMITER ;;
CREATE DEFINER=`root`@`localhost` PROCEDURE `CountCandidatesOfferedPositions`()
BEGIN
    SELECT COUNT(DISTINCT candidate_id) AS offered_candidates
    FROM Interview
    WHERE offer_made = 1;
    
END ;;
DELIMITER ;
/*!50003 SET sql_mode              = @saved_sql_mode */ ;
/*!50003 SET character_set_client  = @saved_cs_client */ ;
/*!50003 SET character_set_results = @saved_cs_results */ ;
/*!50003 SET collation_connection  = @saved_col_connection */ ;
/*!50003 DROP PROCEDURE IF EXISTS `CountNursingPositions` */;
/*!50003 SET @saved_cs_client      = @@character_set_client */ ;
/*!50003 SET @saved_cs_results     = @@character_set_results */ ;
/*!50003 SET @saved_col_connection = @@collation_connection */ ;
/*!50003 SET character_set_client  = utf8mb4 */ ;
/*!50003 SET character_set_results = utf8mb4 */ ;
/*!50003 SET collation_connection  = utf8mb4_0900_ai_ci */ ;
/*!50003 SET @saved_sql_mode       = @@sql_mode */ ;
/*!50003 SET sql_mode              = 'ONLY_FULL_GROUP_BY,STRICT_TRANS_TABLES,NO_ZERO_IN_DATE,NO_ZERO_DATE,ERROR_FOR_DIVISION_BY_ZERO,NO_ENGINE_SUBSTITUTION' */ ;
DELIMITER ;;
CREATE DEFINER=`root`@`localhost` PROCEDURE `CountNursingPositions`()
BEGIN
    SELECT COUNT(DISTINCT p.position_id) AS nursing_positions
    FROM Position p
    INNER JOIN PositionSkills ps ON p.position_id = ps.position_id
    INNER JOIN Skills s ON ps.skill_id = s.skill_id
    WHERE s.name = 'Nursing';
END ;;
DELIMITER ;
/*!50003 SET sql_mode              = @saved_sql_mode */ ;
/*!50003 SET character_set_client  = @saved_cs_client */ ;
/*!50003 SET character_set_results = @saved_cs_results */ ;
/*!50003 SET collation_connection  = @saved_col_connection */ ;
/*!50003 DROP PROCEDURE IF EXISTS `FindCandidatesByPositionSkill` */;
/*!50003 SET @saved_cs_client      = @@character_set_client */ ;
/*!50003 SET @saved_cs_results     = @@character_set_results */ ;
/*!50003 SET @saved_col_connection = @@collation_connection */ ;
/*!50003 SET character_set_client  = utf8mb4 */ ;
/*!50003 SET character_set_results = utf8mb4 */ ;
/*!50003 SET collation_connection  = utf8mb4_0900_ai_ci */ ;
/*!50003 SET @saved_sql_mode       = @@sql_mode */ ;
/*!50003 SET sql_mode              = 'ONLY_FULL_GROUP_BY,STRICT_TRANS_TABLES,NO_ZERO_IN_DATE,NO_ZERO_DATE,ERROR_FOR_DIVISION_BY_ZERO,NO_ENGINE_SUBSTITUTION' */ ;
DELIMITER ;;
CREATE DEFINER=`root`@`localhost` PROCEDURE `FindCandidatesByPositionSkill`(IN _position_id INT)
BEGIN
    SELECT DISTINCT Candidate.*
    FROM Candidate
    JOIN CandidateSkills ON Candidate.candidate_id = CandidateSkills.candidate_id
    JOIN PositionSkills ON CandidateSkills.skill_id = PositionSkills.skill_id
    WHERE PositionSkills.position_id = _position_id;

END ;;
DELIMITER ;
/*!50003 SET sql_mode              = @saved_sql_mode */ ;
/*!50003 SET character_set_client  = @saved_cs_client */ ;
/*!50003 SET character_set_results = @saved_cs_results */ ;
/*!50003 SET collation_connection  = @saved_col_connection */ ;
/*!50003 DROP PROCEDURE IF EXISTS `FindCandidatesInterviewedOnSpecificDate` */;
/*!50003 SET @saved_cs_client      = @@character_set_client */ ;
/*!50003 SET @saved_cs_results     = @@character_set_results */ ;
/*!50003 SET @saved_col_connection = @@collation_connection */ ;
/*!50003 SET character_set_client  = utf8mb4 */ ;
/*!50003 SET character_set_results = utf8mb4 */ ;
/*!50003 SET collation_connection  = utf8mb4_0900_ai_ci */ ;
/*!50003 SET @saved_sql_mode       = @@sql_mode */ ;
/*!50003 SET sql_mode              = 'ONLY_FULL_GROUP_BY,STRICT_TRANS_TABLES,NO_ZERO_IN_DATE,NO_ZERO_DATE,ERROR_FOR_DIVISION_BY_ZERO,NO_ENGINE_SUBSTITUTION' */ ;
DELIMITER ;;
CREATE DEFINER=`root`@`localhost` PROCEDURE `FindCandidatesInterviewedOnSpecificDate`(IN _specific_date DATE)
BEGIN
    SELECT candidate_id
    FROM Interview
    WHERE interview_date = _specific_date
    GROUP BY candidate_id
    HAVING COUNT(interview_id) = 1;
END ;;
DELIMITER ;
/*!50003 SET sql_mode              = @saved_sql_mode */ ;
/*!50003 SET character_set_client  = @saved_cs_client */ ;
/*!50003 SET character_set_results = @saved_cs_results */ ;
/*!50003 SET collation_connection  = @saved_col_connection */ ;
/*!50003 DROP PROCEDURE IF EXISTS `FindCandidatesInterviewedTwice` */;
/*!50003 SET @saved_cs_client      = @@character_set_client */ ;
/*!50003 SET @saved_cs_results     = @@character_set_results */ ;
/*!50003 SET @saved_col_connection = @@collation_connection */ ;
/*!50003 SET character_set_client  = utf8mb4 */ ;
/*!50003 SET character_set_results = utf8mb4 */ ;
/*!50003 SET collation_connection  = utf8mb4_0900_ai_ci */ ;
/*!50003 SET @saved_sql_mode       = @@sql_mode */ ;
/*!50003 SET sql_mode              = 'ONLY_FULL_GROUP_BY,STRICT_TRANS_TABLES,NO_ZERO_IN_DATE,NO_ZERO_DATE,ERROR_FOR_DIVISION_BY_ZERO,NO_ENGINE_SUBSTITUTION' */ ;
DELIMITER ;;
CREATE DEFINER=`root`@`localhost` PROCEDURE `FindCandidatesInterviewedTwice`()
BEGIN
    SELECT c.candidate_id, c.first_name, c.surname
    FROM Candidate c
    JOIN Interview i ON c.candidate_id = i.candidate_id
    GROUP BY c.candidate_id, c.first_name, c.surname
    HAVING COUNT(i.interview_id) >= 2;

END ;;
DELIMITER ;
/*!50003 SET sql_mode              = @saved_sql_mode */ ;
/*!50003 SET character_set_client  = @saved_cs_client */ ;
/*!50003 SET character_set_results = @saved_cs_results */ ;
/*!50003 SET collation_connection  = @saved_col_connection */ ;
/*!50003 DROP PROCEDURE IF EXISTS `FindCandididateBySurname` */;
/*!50003 SET @saved_cs_client      = @@character_set_client */ ;
/*!50003 SET @saved_cs_results     = @@character_set_results */ ;
/*!50003 SET @saved_col_connection = @@collation_connection */ ;
/*!50003 SET character_set_client  = utf8mb4 */ ;
/*!50003 SET character_set_results = utf8mb4 */ ;
/*!50003 SET collation_connection  = utf8mb4_0900_ai_ci */ ;
/*!50003 SET @saved_sql_mode       = @@sql_mode */ ;
/*!50003 SET sql_mode              = 'ONLY_FULL_GROUP_BY,STRICT_TRANS_TABLES,NO_ZERO_IN_DATE,NO_ZERO_DATE,ERROR_FOR_DIVISION_BY_ZERO,NO_ENGINE_SUBSTITUTION' */ ;
DELIMITER ;;
CREATE DEFINER=`root`@`localhost` PROCEDURE `FindCandididateBySurname`(
 IN _surname VARCHAR(100)
 )
BEGIN
  SELECT * FROM Candidate WHERE surname = _surname;
END ;;
DELIMITER ;
/*!50003 SET sql_mode              = @saved_sql_mode */ ;
/*!50003 SET character_set_client  = @saved_cs_client */ ;
/*!50003 SET character_set_results = @saved_cs_results */ ;
/*!50003 SET collation_connection  = @saved_col_connection */ ;
/*!50003 DROP PROCEDURE IF EXISTS `FindHospitalById` */;
/*!50003 SET @saved_cs_client      = @@character_set_client */ ;
/*!50003 SET @saved_cs_results     = @@character_set_results */ ;
/*!50003 SET @saved_col_connection = @@collation_connection */ ;
/*!50003 SET character_set_client  = utf8mb4 */ ;
/*!50003 SET character_set_results = utf8mb4 */ ;
/*!50003 SET collation_connection  = utf8mb4_0900_ai_ci */ ;
/*!50003 SET @saved_sql_mode       = @@sql_mode */ ;
/*!50003 SET sql_mode              = 'ONLY_FULL_GROUP_BY,STRICT_TRANS_TABLES,NO_ZERO_IN_DATE,NO_ZERO_DATE,ERROR_FOR_DIVISION_BY_ZERO,NO_ENGINE_SUBSTITUTION' */ ;
DELIMITER ;;
CREATE DEFINER=`root`@`localhost` PROCEDURE `FindHospitalById`(
 IN _hospital_id INT
 )
BEGIN
  SELECT * FROM Hospital WHERE hospital_id = _hospital_id;
  END ;;
DELIMITER ;
/*!50003 SET sql_mode              = @saved_sql_mode */ ;
/*!50003 SET character_set_client  = @saved_cs_client */ ;
/*!50003 SET character_set_results = @saved_cs_results */ ;
/*!50003 SET collation_connection  = @saved_col_connection */ ;
/*!50003 DROP PROCEDURE IF EXISTS `FindHospitalByName` */;
/*!50003 SET @saved_cs_client      = @@character_set_client */ ;
/*!50003 SET @saved_cs_results     = @@character_set_results */ ;
/*!50003 SET @saved_col_connection = @@collation_connection */ ;
/*!50003 SET character_set_client  = utf8mb4 */ ;
/*!50003 SET character_set_results = utf8mb4 */ ;
/*!50003 SET collation_connection  = utf8mb4_0900_ai_ci */ ;
/*!50003 SET @saved_sql_mode       = @@sql_mode */ ;
/*!50003 SET sql_mode              = 'ONLY_FULL_GROUP_BY,STRICT_TRANS_TABLES,NO_ZERO_IN_DATE,NO_ZERO_DATE,ERROR_FOR_DIVISION_BY_ZERO,NO_ENGINE_SUBSTITUTION' */ ;
DELIMITER ;;
CREATE DEFINER=`root`@`localhost` PROCEDURE `FindHospitalByName`(
 IN _hospital_name VARCHAR(100)
 )
BEGIN
  SELECT * FROM Hospital WHERE name = _hospital_name;
  END ;;
DELIMITER ;
/*!50003 SET sql_mode              = @saved_sql_mode */ ;
/*!50003 SET character_set_client  = @saved_cs_client */ ;
/*!50003 SET character_set_results = @saved_cs_results */ ;
/*!50003 SET collation_connection  = @saved_col_connection */ ;
/*!50003 DROP PROCEDURE IF EXISTS `FindInterviewsByDate` */;
/*!50003 SET @saved_cs_client      = @@character_set_client */ ;
/*!50003 SET @saved_cs_results     = @@character_set_results */ ;
/*!50003 SET @saved_col_connection = @@collation_connection */ ;
/*!50003 SET character_set_client  = utf8mb4 */ ;
/*!50003 SET character_set_results = utf8mb4 */ ;
/*!50003 SET collation_connection  = utf8mb4_0900_ai_ci */ ;
/*!50003 SET @saved_sql_mode       = @@sql_mode */ ;
/*!50003 SET sql_mode              = 'ONLY_FULL_GROUP_BY,STRICT_TRANS_TABLES,NO_ZERO_IN_DATE,NO_ZERO_DATE,ERROR_FOR_DIVISION_BY_ZERO,NO_ENGINE_SUBSTITUTION' */ ;
DELIMITER ;;
CREATE DEFINER=`root`@`localhost` PROCEDURE `FindInterviewsByDate`(IN _interview_date DATE)
BEGIN
    SELECT *
    FROM Interview
    WHERE interview_date = _interview_date;

END ;;
DELIMITER ;
/*!50003 SET sql_mode              = @saved_sql_mode */ ;
/*!50003 SET character_set_client  = @saved_cs_client */ ;
/*!50003 SET character_set_results = @saved_cs_results */ ;
/*!50003 SET collation_connection  = @saved_col_connection */ ;
/*!50003 DROP PROCEDURE IF EXISTS `FindPositionBySkill` */;
/*!50003 SET @saved_cs_client      = @@character_set_client */ ;
/*!50003 SET @saved_cs_results     = @@character_set_results */ ;
/*!50003 SET @saved_col_connection = @@collation_connection */ ;
/*!50003 SET character_set_client  = utf8mb4 */ ;
/*!50003 SET character_set_results = utf8mb4 */ ;
/*!50003 SET collation_connection  = utf8mb4_0900_ai_ci */ ;
/*!50003 SET @saved_sql_mode       = @@sql_mode */ ;
/*!50003 SET sql_mode              = 'ONLY_FULL_GROUP_BY,STRICT_TRANS_TABLES,NO_ZERO_IN_DATE,NO_ZERO_DATE,ERROR_FOR_DIVISION_BY_ZERO,NO_ENGINE_SUBSTITUTION' */ ;
DELIMITER ;;
CREATE DEFINER=`root`@`localhost` PROCEDURE `FindPositionBySkill`( IN _skill_name VARCHAR(100))
BEGIN
   SELECT p.*
   FROM Position p
   INNER JOIN PositionSkills ps ON p.position_id = ps.position_id
   INNER JOIN Skills s ON ps.skills_id = s.skill_id
   WHERE s.name = _skill_name;
END ;;
DELIMITER ;
/*!50003 SET sql_mode              = @saved_sql_mode */ ;
/*!50003 SET character_set_client  = @saved_cs_client */ ;
/*!50003 SET character_set_results = @saved_cs_results */ ;
/*!50003 SET collation_connection  = @saved_col_connection */ ;
/*!50003 DROP PROCEDURE IF EXISTS `FindPositionsByHospital` */;
/*!50003 SET @saved_cs_client      = @@character_set_client */ ;
/*!50003 SET @saved_cs_results     = @@character_set_results */ ;
/*!50003 SET @saved_col_connection = @@collation_connection */ ;
/*!50003 SET character_set_client  = utf8mb4 */ ;
/*!50003 SET character_set_results = utf8mb4 */ ;
/*!50003 SET collation_connection  = utf8mb4_0900_ai_ci */ ;
/*!50003 SET @saved_sql_mode       = @@sql_mode */ ;
/*!50003 SET sql_mode              = 'ONLY_FULL_GROUP_BY,STRICT_TRANS_TABLES,NO_ZERO_IN_DATE,NO_ZERO_DATE,ERROR_FOR_DIVISION_BY_ZERO,NO_ENGINE_SUBSTITUTION' */ ;
DELIMITER ;;
CREATE DEFINER=`root`@`localhost` PROCEDURE `FindPositionsByHospital`()
BEGIN
    SELECT p.*
    FROM Position p
    INNER JOIN Hospital h ON p.hospital_id = h.hospital_id
    ORDER BY h.name, p.type;
END ;;
DELIMITER ;
/*!50003 SET sql_mode              = @saved_sql_mode */ ;
/*!50003 SET character_set_client  = @saved_cs_client */ ;
/*!50003 SET character_set_results = @saved_cs_results */ ;
/*!50003 SET collation_connection  = @saved_col_connection */ ;
/*!40103 SET TIME_ZONE=@OLD_TIME_ZONE */;

/*!40101 SET SQL_MODE=@OLD_SQL_MODE */;
/*!40014 SET FOREIGN_KEY_CHECKS=@OLD_FOREIGN_KEY_CHECKS */;
/*!40014 SET UNIQUE_CHECKS=@OLD_UNIQUE_CHECKS */;
/*!40101 SET CHARACTER_SET_CLIENT=@OLD_CHARACTER_SET_CLIENT */;
/*!40101 SET CHARACTER_SET_RESULTS=@OLD_CHARACTER_SET_RESULTS */;
/*!40101 SET COLLATION_CONNECTION=@OLD_COLLATION_CONNECTION */;
/*!40111 SET SQL_NOTES=@OLD_SQL_NOTES */;

-- Dump completed on 2023-11-22 19:26:14
